runtime,workload,replicate,count,mean,p50,p95,p99,max,error_rate
bun,w1_rest,1,366,0.34924043715847,0.261,0.67125,1.9353500000000254,8.414,0.0
deno,w1_rest,1,12021,0.40891265285749945,0.337,0.831,1.3345999999999985,14.561,0.0
node,w1_rest,0,12015,0.5055061173533084,0.385,1.1882999999999992,2.1338600000000003,11.42,0.0
